top_n;budget;ARI
7;10;0.2711367996950813
7;20;0.2969186186432447
7;30;0.27180681576877247
7;40;0.23737625777521476
7;50;0.29172988909614034
7;60;0.30975744184692344
7;70;0.25354483950585754
7;80;0.25685490120992993
7;90;0.25685490120992993
7;100;0.25811233702402137
7;110;0.30021964671611356
7;120;0.28760638259067645
7;130;0.28760638259067645
7;140;0.29434228835658754
