top_n;budget;ARI
5;10;0.27928753155331715
5;20;0.3039751957531781
5;30;0.3066505712636355
5;40;0.3029875553633218
5;50;0.2833044762182714
5;60;0.228004386833687
5;70;0.23746748598893902
5;80;0.23979547578668756
5;90;0.24791804521504782
5;100;0.26314335884613943
5;110;0.24714983978054844
5;120;0.18621649099588214
5;130;0.16256697958820063
5;140;0.16256697958820063
