top_n;budget;ARI
3;10;0.2711367996950813
3;20;0.2969186186432447
3;30;0.27175832446351816
3;40;0.26626978006217805
3;50;0.2749169295418531
3;60;0.27661796947855866
3;70;0.3199966707132599
3;80;0.35989248656850387
3;90;0.34072841176014285
3;100;0.4138956444134922
3;110;0.42073683074317786
3;120;0.4230206216720733
3;130;0.43249909916887697
3;140;0.4517181914190409
