top_n;budget;ARI
5;10;0.399221812860479
5;20;0.399221812860479
5;30;0.3140631843366989
5;40;0.11856066422414813
5;50;0.11856066422414813
5;60;0.11856066422414813
5;70;0.11856066422414813
5;80;0.06977930335814181
5;90;0.17403593402887563
5;100;0.21885376318662716
5;110;0.2530722850481735
5;120;0.27297341421349575
5;130;0.2952572214379062
5;140;0.2779364253623867
