top_n;budget;ARI
7;10;0.399221812860479
7;20;0.15023893248118023
7;30;0.15023893248118023
7;40;0.12944068259637304
7;50;0.22460764913749126
7;60;0.28188296137067836
7;70;0.28188296137067836
7;80;0.27157106344830867
7;90;0.19119261433388007
7;100;0.23958551223672142
7;110;0.3160694839181341
7;120;0.333459653545881
7;130;0.3240775004799755
7;140;0.3467382817147029
7;150;0.37266838149328035
7;160;0.43768933874058297
7;170;0.4612960263008655
