top_n;budget;ARI
3;10;0.3694075388574537
3;20;0.3694075388574537
3;30;0.4272165461093952
3;40;0.4272165461093952
3;50;0.4272165461093952
3;60;0.35228162533996743
3;70;0.33597357957239027
3;80;0.33919512510251526
3;90;0.33919512510251526
3;100;0.3508102664243378
3;110;0.3508102664243378
3;120;0.3925614093657599
3;130;0.3925614093657599
3;140;0.4477698217869531
