top_n;budget;ARI
7;10;0.8444001082582876
7;20;0.8610848356222266
7;30;0.8610848356222266
7;40;0.8610848356222266
7;50;0.8610848356222266
7;60;0.8610848356222266
7;70;0.8610848356222266
7;80;0.8610848356222266
7;90;0.8610848356222266
7;100;0.8610848356222266
7;110;0.8444001082582876
7;120;0.8444001082582876
7;130;0.8444001082582876
7;140;0.8444001082582876
7;150;0.8444001082582876
7;160;0.8444001082582876
7;170;0.860524848626605
