top_n;budget;ARI
5;10;0.8444001082582876
5;20;0.8557617996239146
5;30;0.8557617996239146
5;40;0.8557617996239146
5;50;0.8557617996239146
5;60;0.8557617996239146
5;70;0.8557617996239146
5;80;0.8557617996239146
5;90;0.8557617996239146
5;100;0.8557617996239146
5;110;0.8444001082582876
5;120;0.8444001082582876
5;130;0.8444001082582876
5;140;0.822828160371838
