budget,strat,number clusters,ARI
10,random,2,0.0944507315574824
20,random,2,0.0944507315574824
30,random,4,0.1880830118003872
40,random,4,0.10290850887541639
50,random,4,0.03411708893990581
60,random,3,0.006240044579256978
70,random,4,0.005723541679496691
80,random,6,0.005775137560816433
90,random,5,0.010801656048219536
100,random,5,0.010142012490711158
110,random,5,0.010142012490711158
120,random,5,0.029308781514784284
130,random,5,0.029308781514784284
140,random,5,0.017605731858452302
150,random,5,0.007978394092438527
160,random,6,0.022394701936994863
170,random,6,0.027309058364465344
180,random,6,0.027309058364465344
