threshold;budget;ARI
80;10;0.8444001082582876
80;20;0.8557617996239146
80;30;0.8557617996239146
80;40;0.8522591513634707
80;50;0.8522591513634707
80;60;0.8453096614650321
80;70;0.835024418321865
80;80;0.835024418321865
80;90;0.7469923091378675
80;100;0.7407843750181344
80;110;0.7407843750181344
80;120;0.7407843750181344
80;130;0.7271287408178886
80;140;0.7271287408178886
