threshold;budget;ARI
60;10;0.8444001082582876
60;20;0.8610848356222266
60;30;0.8610848356222266
60;40;0.8610848356222266
60;50;0.8610848356222266
60;60;0.8610848356222266
60;70;0.8610848356222266
60;80;0.8610848356222266
60;90;0.8610848356222266
60;100;0.8610848356222266
60;110;0.8610848356222266
60;120;0.8414692328529532
60;130;0.8414692328529532
60;140;0.8414692328529532
60;150;0.8414692328529532
60;160;0.8364954545084125
60;170;0.8364954545084125
